" The customer does not exist in the system anymore."," Clientul nu mai există în sistem."
" [deleted]"," [sters]"
" and "," şi "
"%s (Default Template from Locale)","%s (Tema de baza din Locale)"
"%s cache type(s) disabled.","%s tipuri de cache șterse."
"%s cache type(s) enabled.","%s tipuri de cache activate."
"%s cache type(s) refreshed.","%s tipuri de cache reîncărcate."
"(For Type ""Local Server"" need to use relative path to Magento install var/export or var/import, e.g. var/export, var/import, var/export/some/dir, var/import/some/dir)","(For Type ""Servăr Local"" trebuie să utilizați calea relativă pentru instalarea Magento var/export sau var/import, ex. var/export, var/import, var/export/director/diferit, var/import/director/diferit)"
"(For US 2-letter state names)","(Pentru state din SUA, nume din două litere)"
"(If left empty will be auto-generated)","(Dacă nu este completat va fi generat automat)"
"(Leave empty for first spreadsheet)","(Nu completa prima foaie de lucru)"
"(Products will be added/updated to this store if 'store' column is blank or missing in the import file.)","(Produse vor fi adaugate/actualizate în acest magazin în cazul în care coloana 'magazin' este goală sau lipseşte din fişierul de import.)"
"(Shift-)Click or drag to change value","(Shift-)Clic sau trage pentru a schimba valoarea"
"(Starting with)","(Începând cu)"
"(When 'No', only mapped fields will be imported. When mapping, use 'column1', 'column2', etc.)","(Când este 'Nu', doar câmpurile mapate vor fi importate. Când mapaţi, utilizaţi 'coloana1', 'coloana2', etc)"
"(You have to increase php memory_limit before changing this value)","(Trebuie să măriţi în php memory_limit înainte de a schimba această valoare)"
"(\\t for tab)","(\\t pentru tab)"
"* - If indexing is in progress, it will be killed and new indexing process will start.","* - Dacă indexarea este în curs de desfăşurare, va fi terminată şi un nou proces de indexare va începe."
"* Required Fields","* Câmpuri obligatorii"
"- Click on any of the time parts to increase it","- Clic pe oricare dintre părţi pentru a le mări"
"- Hold mouse button on any of the above buttons for faster selection.","- Ţineţi butonul mouse-ului apăsat pe oricare dintre butoanele de mai sus pentru o selecţie mai rapidă."
"- Use the %s buttons to select month","- Folosiţi butoanele %s pentru a selecta luna"
"- Use the %s, %s buttons to select year","- Folosiţi butoanele %s, %s pentru a alege anul"
"- or Shift-click to decrease it","- sau Shift-clic pentru a scădea"
"- or click and drag for faster selection.","- sau clic şi trageţi pentru o selecţie mai rapidă."
"-- Not Selected --","-- Nu este selectat --"
"-- Please Select --","-- Alegeţi --"
"-- Please Select Billing Agreement--","-- Selectati va rog Acord de facturare--"
"-- Please Select a Category --","-- Vă rog să selectați o categorie --"
"-- Please select --","-- Alegeți --"
"--Please Select--","--Alegeți--"
"1 Hour","1 oră"
"12 Hours","12 ore"
"12h AM/PM","12h AM/PM"
"2 Hours","2 ore"
"24 Hours","24 ore"
"24h","24h"
"2YTD","2YTD"
"6 Hours","6 ore"
"<h1 class=""page-heading"">404 Error</h1><p>Page not found.</p>","<h1 class=""page-heading"">404 Error</h1><p>Pagina nu a fost găsită.</p>"
"<strong>%s</strong> requests access to your account","<strong>%s</strong> cere acces la contul tău"
"<strong>Attention</strong>: Captcha is case sensitive.","<strong>Atenție</strong>: Captcha este case sensitive."
"A user with the same user name or email aleady exists.","Un utilizator cu același nume sau email există deja."
"API Key","API Key"
"API Key Confirmation","Confirmare cheie API"
"ASCII","ASCII"
"Abandoned Carts","Coșuri abandonate"
"About the calendar","Despre calendar"
"Access Denied","Acces Restricționat"
"Access denied","Acces restricționat"
"Access denied.","Acces restricționat."
"Account Created in:","Cont creat în:"
"Account Created on (%s):","Cont creat pe (%s):"
"Account Created on:","Cont creat pe:"
"Account Information","Informații cont"
"Account Status","Stare cont"
"Account status","Stare cont"
"Action","Acțiune"
"Actions","Acțiuni"
"Actions XML","Acțiuni XML"
"Active","Activ"
"Add","Adaugă"
"Add Exception","Adaugă excepție"
"Add Field Mapping","Adaugă mapare câmp"
"Add Field with URL:","Adaugă câmp cu URL:"
"Add New","Adaugă Nou"
"Add New Image","Adaugă imagine nouă"
"Add New Profile","Adaugă profil nou"
"Add New Role","Adaugă rol nou"
"Add New Template","Adaugă șablon nou"
"Add New URL Rewrite","Adaugă rescriere URL nouă"
"Add New User","Adaugă utilizator nou"
"Add New Variable","Adaugă variabilă nouă"
"Add Products","Adaugă produse"
"Add URL Rewrite","Adaugă rescriere URL"
"Add URL Rewrite for a Category","Adaugă rescriere URL pentru categorie"
"Add URL Rewrite for a Product","Adaugă rescriere URL pentru produs"
"Add after","Adaugă după"
"Additional Cache Management","Administrare Cache suplimentară"
"Address Type:","Tip adresă:"
"Admin","Admin"
"Advanced Admin Section","Secțiune administrare avansată"
"Advanced Profiles","Profile avansate"
"Advanced Section","Secțiune avansată"
"After authorization application will have access to you account.","După autorizare aplicația va avea acces la contul tău."
"All","Tot/Toate"
"All Allowed Countries","Toate țările permise"
"All Cache","Tot cache-ul"
"All Files","Toate fișierele"
"All Reviews","Toate recenziile"
"All Store Views","Toate fețele magazinului"
"All Tags","Toate tagurile"
"All Websites","Toate website-urile"
"All countries","Toate țările"
"All fields","Toate câmpurile"
"All possible rates were fetched, please click on ""Save"" to apply","Toate cursurile posibile au fost preluate, te rog apasă pe ""Salvează"" pentru aplicare"
"All rates were fetched, please click on ""Save"" to apply","Toate cursurile au fost preluate, te rog apasă pe ""Salvează"" pentru aplicare"
"All valid rates have been saved.","Toate cursurile valide au fost salvate."
"Always (during development)","Întotdeauna (în timpul dezvoltării)"
"Amounts","Cantități"
"An error has occured while syncronizing media storages.","Sincronizarea stocării media a generat o eroare."
"An error occurred while clearing the JavaScript/CSS cache.","Curățarea cache-ului JavaScript/CSS a generat o eroare."
"An error occurred while clearing the image cache.","Curățarea cache-ului imaginilor a generat o eroare."
"An error occurred while deleting URL Rewrite.","Ștergerea rescrierii URL a generat o eroare."
"An error occurred while deleting email template data. Please review log and try again.","Ștergerea șabloanelor email a generat o eroare. Verifică log-ul și încearcă din nou."
"An error occurred while deleting record(s).","Ștergerea înregistrării(lor a generat o eroare)."
"An error occurred while deleting this role.","Ștergerea rolului a generat o eroare."
"An error occurred while deleting this set.","Ștergerea acestui set a generat o eroare."
"An error occurred while deleting this template.","Ștergerea șablonului a generat o eroare."
"An error occurred while finishing process. Please refresh the cache","O eroare a apărut înaintea finalizării procesului. Te rog reîncarcă cache-ul."
"An error occurred while rebuilding the CatalogInventory Stock Status.","Reconstruirea CatalogInventory Stock Status a generat o eroare."
"An error occurred while rebuilding the catalog index.","Reconstruirea indexului catalogului a generat o eroare."
"An error occurred while rebuilding the flat catalog category.","Reconstruirea flat catalog category a generat o eroare."
"An error occurred while rebuilding the flat product catalog.","Reconstruirea flat catalog product a generat o eroare."
"An error occurred while rebuilding the search index.","Reconstruirea indexului de căutare a generat o eroare."
"An error occurred while refreshing the Catalog Rewrites.","Reîncărcarea Rescrierilor Catalogului a generat o eroare."
"An error occurred while refreshing the Layered Navigation indices.","Reîncărcarea indicilor Navigării Stratificate a generat o eroare."
"An error occurred while refreshing the catalog rewrites.","Reîncărcarea rescrierilor catalogului a generat o eroare."
"An error occurred while refreshing the layered navigation indices.","Reîncărcarea indicilor navigării stratificate a generat o eroare."
"An error occurred while saving URL Rewrite.","Salvarea rescrierii URL a generat o eroare."
"An error occurred while saving account.","Salvarea contului a generat o eroare."
"An error occurred while saving review.","Salvarea recenziei a generat o eroare."
"An error occurred while saving the customer.","Salvarea clientului a generat o eroare."
"An error occurred while saving this configuration:","Salvarea acestei configurații a generat o eroare:"
"An error occurred while saving this role.","Salvarea rolului a generat o eroare."
"An error occurred while saving this template.","Salvarea șablonului a generat o eroare."
"An error occurred while updating the selected review(s).","Actualizarea recenziei(lor) a generat o eroare."
"Any","Oricare"
"Any Attribute Set","Orice set de atribute"
"Any Group","Orice grup"
"Any Status","Orice stare"
"Any Store","Orice magazin"
"Any Type","Orice tip"
"Any Visibility","Orice vizibilitate"
"Any data created since the backup was made will be lost including admin users, customers and orders.","Toate datele create de la realizarea copiei de siguranță va fi pierdută, inclusiv administratori, clienți și comenzi."
"Archive file name:","Numele arhivei:"
"Are you sure that you want to delete this template?","Ești sigur că vrei să ștergi acest șablon?"
"Are you sure that you want to strip tags?","Ești sigur că vrei să demontezi tagurile?"
"Are you sure you want to do this?","Ești sigur că vrei să faci asta?"
"Are you sure you want to proceed?","Ești sigur că vrei să continui?"
"Area","Zonă"
"As low as:","La fel de scăzut ca:"
"Assigned","Atribuit"
"Associated Tags","Taguri Asociate"
"Attribute Set Name:","Nume Set Atribute:"
"Attributes","Atribute"
"Authorization confirmed","Autorizare confirmată"
"Authorize","Autorizează"
"Authorize application","Autorizează aplicație"
"Authorized OAuth Tokens","Token-uri OAuth autorizate"
"Automatic (equalize price ranges)","Automatat (balansează gamă prețuri)"
"Automatic (equalize product counts)","Automatat (balansează numărători produs)"
"Average Order Amount","Medie sume comenzi"
"Average Orders","Medie comenzi"
"BINARY","BINAR"
"Back","Înapoi"
"Back to Login","Înapoi la Login"
"Backup","Copie siguranță"
"Backup Name","Nume copie siguranță"
"Backup options","Opțiuni copie siguranță"
"Backups","Copii de siguranță"
"Base currency","Monedă de bază"
"Bcc","Bcc"
"Bestsellers","Cel mai bine vândut"
"Billing Address","Adresă de facturare"
"Billing Address: ","Adresă de facturare: "
"Billing Agreement","Condiție agreată de facturare"
"Billing Agreements","Condiții agreate de facturare"
"Block Information","Pachet de informații"
"Both (without and with tax)","Ambele (și dar și fără taxă)"
"Both IPN and PDT","Și IPN și PDT"
"Browse Files...","Răsfoiește..."
"Bundle with dynamic pricing cannot include custom defined options. Options will not be saved.","Pachetul cu preț dinamic nu poate conține opțiuni definite de utilizator. Opțiunile nu vor fi salvate."
"CMS","CMS"
"CRITICAL","CRITIC"
"CSV","CSV"
"CSV / Tab separated","CSV / Separat prin TAB"
"Cache Control","Control cache"
"Cache Control (beta)","Control cache (beta)"
"Cache Management","Administrare cache"
"Cache Type","Tip Cache"
"Cancel","Anulare"
"Cannot add new comment.","Nu se poate adăuga comentariu nou."
"Cannot add tracking number.","Nu se poate adăuga număr de urmărire."
"Cannot create an invoice without products.","Nu se poate adăuga factură fără produse."
"Cannot create credit memo for the order.","Nu se poate crea memo credit pentru comandă."
"Cannot delete the design change.","Nu se poate șterge schimbarea de design."
"Cannot delete tracking number.","Nu se poate șterge numărul de urmărire."
"Cannot do shipment for the order separately from invoice.","Nu se poate face livrarea separată de factură."
"Cannot do shipment for the order.","Nu se poate face livrarea pentru comandă."
"Cannot initialize shipment for adding tracking number.","Nu se poate inițializa livrarea pentru adăugarea unui număr de urmărire."
"Cannot initialize shipment for delete tracking number.","Nu se poate inițializa livrarea pentru ștergerea numărului de urmărire."
"Cannot load track with retrieving identifier.","Cannot load track with retrieving identifier."
"Cannot retrieve tracking number detail.","Nu se pot prelua detaliile numărului de urmărire."
"Cannot save shipment.","Nu se poate salva livrarea."
"Cannot save the credit memo.","Nu se poate salva memo credit."
"Cannot send shipment information.","Nu se poate trimite informația de livrare."
"Cannot update item quantity.","Nu se poate actualiza cantitatea obiectului."
"Cannot update the item\'s quantity.","Nu se poate actualiza cantitatea obiectului\'lor."
"Catalog","Catalog"
"Catalog Price Rules","Reguli Preț Catalog"
"Catalog Rewrites","Rescrieri Catalog"
"Categories","Categorii"
"Category:","Categorie:"
"Chart is disabled. If you want to enable chart, click <a href=""%s"">here</a>.","Graficul este dezactivat. Dacă vrei să activezi graficul apasă <a href=""%s"">aici</a>."
"Checkbox","Checkbox"
"Child Transactions","Tranzacții copil"
"Choose Store View:","Alege vedere magazin:"
"Choose an attribute","Alege un atribut"
"Chosen category does not associated with any website, so url rewrite is not possible.","Categoria aleasă nu este asociată cu niciun website, în consecință rescrierea URL nu este posibilă."
"Chosen product does not associated with any website, so url rewrite is not possible.","Produsul ales nu este asociat cu niciun website, în consecință rescrierea URL nu este posibilă."
"Clear","Șterge"
"Close","Închide"
"Comment text field cannot be empty.","Câmpul cu comentarii nu poate fi gol."
"Complete","Complet"
"Config form fieldset clone model required to be able to clone fields","Config form fieldset clone model required to be able to clone fields"
"Configuration","Configurație"
"Confirm New Password","Confirmă Parolă Nouă"
"Confirm token authorization Pop Up for admin","Confirm token authorization Pop Up for admin"
"Confirm token authorization for admin","Confirm token authorization for admin"
"Confirmation Of Authorization","Confirmarea autorizației"
"Confirmed email:","Email confirmat:"
"Connect with the Magento Community","Intră în contact cu comunitatea"
"Continue","Continuă"
"Convert to Plain Text","Convertire la text plan"
"Cookie (unsafe)","Cookie (nesigur)"
"Country","Țară"
"Country:","Țară:"
"Coupons","Cupoane"
"Create","Creează"
"Create DB Backup","Creează copie de siguranță a bazei de date"
"Create New Attribute","Creează atribut nou"
"Create URL Rewrite:","Creează rescriere URL:"
"Created At","Creat la"
"Credit Card %s","Card de credit %s"
"Credit Memo History","Istorie memo credit"
"Credit Memo Totals","Total memo credit"
"Credit Memos","Memouri credit"
"Credit memo #%s comment added","Comentariu memo credit #%s adăugat"
"Credit memo #%s created","Memo credit #%s creat"
"Credit memo\'s total must be positive.","Totalul memo creditului/lor trebuie să fie pozitiv."
"Currency","Monedă"
"Currency ""%s"" is used as %s in %s.","Moneda ""%s"" este folosită ca %s în %s."
"Currency Information","Informații monedă"
"Currency Setup Section","Secțiune configurare monedă"
"Current Configuration Scope:","Current Configuration Scope:"
"Current Month","Lună curentă"
"Custom","Personalizat"
"Custom Variable ""%s""","Variabilă personalizată ""%s"""
"Custom Variables","Variabile personalizate"
"Customer","Client"
"Customer Group:","Grup client:"
"Customer Groups","Grupuri client"
"Customer Name","Nume client"
"Customer Reviews","Recenzii client"
"Customer Shopping Carts","Coșurile de cumpărături ale clientului"
"Customer Since:","Client din:"
"Customer Tax Classes","Clase Taxe Client"
"Customer with the same email already exists.","Client cu mailul introdus există deja."
"Customers","Clienți"
"Customers by Number of Orders","Clienți în funcție de numărul de comenzi"
"Customers by Orders Total","Clienți în funcție de totalul comenzilor"
"DHTML Date/Time Selector","Selector Dată/Oră DHTML"
"Dashboard","Rezumat"
"Data Format","Format dată"
"Data transfer:","Transfer dată:"
"Database","Bază de date"
"Dataflow - Advanced Profiles","Dataflow - Profile avansate"
"Dataflow - Profiles","Dataflow - Profile"
"Date","Dată"
"Date & Time","Dată & Oră"
"Date Added","Dată adăugare"
"Date Updated","Dată actualizare"
"Date selection:","Selecție dată:"
"Date selector","Selector dată"
"Day","Zi"
"Decimal separator:","Separator zecimal:"
"Default (Admin) Values","Valori implicite (Admin)"
"Default Billing Address","Adresă facturare implicită"
"Default Config","Configurație implicită"
"Default Template from Locale","Șablon implicit din localizare"
"Default Values","Valori implicite"
"Default display currency ""%s"" is not available in allowed currencies.","Default display currency ""%s"" is not available in allowed currencies."
"Default scope","Default scope"
"Delete","Șterge"
"Delete %s","Șterge %s"
"Delete %s '%s'","Șterge %s '%s'"
"Delete File","Șterge fișier"
"Delete Image","Șterge imagine"
"Delete Profile","Șterge profil"
"Delete Role","Șterge rol"
"Delete Store","Șterge magazin"
"Delete Store View","Șterge vedere magazin"
"Delete Template","Șterge șablon"
"Delete User","Șterge utilizator"
"Delete Website","Șterge website"
"Description","Descriere"
"Design","Design"
"Design Section","Secțiune design"
"Details","Detalii"
"Developer Section","Secțiune dezvoltator"
"Direction:","Direcție:"
"Disable","Dezactivează"
"Disabled","Dezactivat"
"Display %s first","Afișează %s primul/a"
"Display default currency","Afișează moneda implicită"
"Distributed under GNU LGPL. See %s for details.","Distributed under GNU LGPL. See %s for details."
"Do you really want to KILL parallel process and start new indexing process?","Ești sigur că vrei să oprești procesele paralele și să pornești un nou proces de indexare?"
"Do you really want to proceed?","Ești sigur că vrei să continui?"
"Download","Descarcă"
"Downloads","Descărcări"
"Drag to move","Trage pentru mutare"
"Drop-down","Drop-down"
"Edit","Editeză"
"Edit Design Change","Editează schimbare design"
"Edit Email Template","Editează șablon template"
"Edit Order","Editează comandă"
"Edit Poll","Editează sondaj"
"Edit Queue","Editează coadă(queue)"
"Edit Review","Editează recenzie"
"Edit Role","Editează rol"
"Edit Store View","Editează Vedere Magazin"
"Edit System Template","Editează Șablon Template"
"Edit Template","Editează șablon"
"Edit URL Rewrite","Editează rescriere URL"
"Edit User","Editează utilizator"
"Edit User '%s'","Editează utilizator '%s'"
"Edit Website","Editează Website"
"Email","Email"
"Email Address:","Adresă email:"
"Email Preview","Previzualizare Email"
"Email to a Friend","Trimite email unui prieten"
"Email:","Email:"
"Enable","Activează"
"Enabled","Activat"
"Enclose Values In:","Enclose Values In:"
"Entity Attributes","Atribute entitate"
"Entity Type","Tip entitate"
"Entity type:","Tip entitate:"
"Error","Eroare"
"Excel XML","XML Excel"
"Excl. Tax","Excluzând Taxa"
"Exclude media folder from backup","Exclude folderul media din copia de siguranță"
"Export","Exportă"
"Export CSV","Exportă CSV"
"Export Filters","Filtre export"
"Export to:","Exportă în:"
"Export:","Exportă:"
"FTP Host","Gazdă FTP"
"FTP Host[:Port]","Gazdă FTP[:Port]"
"FTP Login","Login FTP"
"FTP Password","Parolă FTP"
"FTP credentials","Credențiale FTP"
"Failed to add a product to cart by id ""%s"".","Adăugarea produsului la coș cu id-ul ""%s"" nereușită." 
"Failed to cancel the billing agreement.","Anularea acordului de facturare nereușită."
"Failed to clear the JavaScript/CSS cache.","Curățarea cache-ului JavaScript/CSS nereușită."
"Failed to delete the billing agreement.","Ștergerea acordului de facturare nereușită."
"Failed to update the profile.","Actualizarea profilului nereușită."
"Field","Câmp"
"Field Mapping","Mapare câmp"
"File","Fișier"
"File Information","Informație fișier"
"File System","Filesystem"
"File mode","Mod fișier"
"File name:","Nume fișier:"
"File size should be more than 0 bytes","Fișierul trebuie să fie mai mare de 0 biți"
"Finished profile execution.","Executarea profilului realizată."
"First Invoice Created Date","Dată creare prima factură"
"First Name","Prenume"
"First Name is required field.","Completarea câmpului prenume este necesară."
"First Name:","Prenume:"
"Fixed","Fixat"
"Flush Catalog Images Cache","Curățare Cache Imagini Catalog"
"Flush JavaScript/CSS Cache","Curățare Cache JavaScript/CSS"
"For category","Pentru categorie"
"For latest version visit: %s","Pentru ultima versiune vizitează: %s"
"For product","Pentru produs"
"Forgot Admin Password","Parolă administrator uitată"
"Forgot your password?","Ați uitat parola?"
"Forgot your user name or password?","Ați uitat numele de utilizator sau parola?"
"From","De la"
"GLOBAL","GLOBAL"
"Gb","Gb"
"General Information","Informații generale"
"General Section","Secțiune generală"
"Get Image Base64","Obține Image Base64"
"Get help for this page","Caută ajutor pentru această pagină"
"Give the verifier code to application administrator","Trimite codul verificator administratorului aplicației"
"Global Attribute","Atribut global"
"Global Record Search","Căutare înregistrări globale"
"Global Search","Căutare globală"
"Go Today","Go Today"
"Go to messages inbox","Navigare la Căsuță intrare mesaje"
"Go to notifications","Navigare la Notificări"
"Google Base","Google Base"
"Google Sitemaps","Hărți Site Google"
"Grand Total","Total"
"Grid (default) / List","Grid (implicit) / Listă"
"Grid Only","Numai grid"
"Group:","Grup:"
"Guest","Musafir"
"HTTP (unsecure)","HTTP (nesigur)"
"HTTPS (SSL)","HTTPS (SSL)"
"Help Us Keep Magento Healthy - Report All Bugs","Help Us Keep Magento Healthy - Report All Bugs"
"Helper attributes should not be used in custom layout updates.","Helper attributes should not be used in custom layout updates."
"Helper for options rendering doesn't implement required interface.","Helper for options rendering doesn't implement required interface."
"Home","Acasă"
"ID","ID"
"ID Path","Cale ID"
"IP Address","Adresă IP"
"IPN (Instant Payment Notification) Only","Numai NPI (Notificare Plată Instantanee)"
"If there is an account associated with %s you will receive an email with a link to reset your password.","Dacă este asociat un cont cu %s vei primi un email cu lunk de resetare a parolei."
"If this message persists, please contact the store owner.","Dacă acest mesaj persistă, contactează administratorul site-ului."
"Images (.gif, .jpg, .png)","Imagini (.gif, .jpg, .png)"
"Images Cache","Cache imagini"
"Import","Importă"
"Import Service","Importă Serviciu"
"Import and Export","Importă și exportă"
"Import and Export Tax Rates","Importă și exportă cursuri taxe"
"Import/Export","Importă/Exportă"
"Import/Export Advanced","Importă/Exportă Avansat"
"Import/Export Profile","Importă/Exportă Profil"
"Important: ","Important: "
"Imported <strong>%s</strong> records","<strong>%s</strong> înregistrări importate"
"In","În"
"In Database:","În baza de date:"
"In File:","În fișier:"
"Inactive","Inactiv"
"Incl. Tax","Incl. Taxă"
"Incoming Message","Mesaj primit"
"Insert Variable...","Introdu Variabilă..."
"Interactive","Interactiv"
"Interface Locale: %s","Localizare interfață: %s"
"Invalid Form Key. Please refresh the page.","Cheie formular invalidă. Reîncarcă pagina."
"Invalid Import Service Specified","Serviciu de import invalid"
"Invalid POST data (please check post_max_size and upload_max_filesize settings in your php.ini file).","Data POST invalidă (verifică post_max_size și upload_max_filesize în php.ini)."
"Invalid Secret Key. Please refresh the page.","Cheie secretă invalidă. Rencarcă pagina."
"Invalid User Name or Password.","Utilizator sau parolă inexistente."
"Invalid directory: %s","Dosar inexistent: %s"
"Invalid email address ""%s"".","Email inexistent ""%s""."
"Invalid email address.","Email inexistent."
"Invalid file: %s","Fișier inexistent: %s"
"Invalid input data for %s => %s rate","Invalid input data for %s => %s rate"
"Invalid parent block for this block","Invalid parent block for this block"
"Invalid parent block for this block.","Invalid parent block for this block."
"Invalid password reset token.","Token resetare parolă inexistent."
"Invalid sender name ""%s"". Please use only visible characters and spaces.","Nume expeditor incorect ""%s"". Folosește numai caractere vizibile și spații."
"Invalid timezone","Zonă invalida"
"Invalidated","Anulat"
"Inventory Stock Status","Stare stoc"
"Invoice #%s comment added","#%s comentariu adăugat"
"Invoice #%s created","Factura #%s creată"
"Invoice History","Istorie facturare"
"Invoice Totals","Total facturi"
"Invoice canceling error.","Eroare anulare factură."
"Invoice capturing error.","Eroare capturare factură."
"Invoice voiding error.","Invoice voiding error."
"Invoices","Facturi"
"Is Closed","Este închis"
"Issue Number","Număr emisiune"
"Items","Obiecte"
"JavaScript seems to be disabled in your browser.","JavaScript pare a fi dezactivat în browserul dumneavoastră."
"JavaScript/CSS","JavaScript/CSS"
"JavaScript/CSS Cache","Cache JavaScript/CSS"
"Kb","Kb"
"Last 24 Hours","Ultimele 24 de ore"
"Last 5 Orders","Ultimele 5 comenzi"
"Last 5 Search Terms","Ultimii 5 termeni de căutare"
"Last 7 Days","Ultimele 7 zile"
"Last Credit Memo Created Date","Data creării ultimului memo credit"
"Last Invoice Created Date","Data creării ultimei facturi"
"Last Logged In (%s):","Ultima logare (%s):"
"Last Logged In:","Ultima logare:"
"Last Name","Nume"
"Last Name is required field.","Introducerea numelui este necesară."
"Last Name:","Nume:"
"Last updated: %s. To refresh last day\'s <a href=""%s"">statistics</a>, click <a href=""%s"">here</a>.","Ultima actualizare: %s. Click pentru reîncărcare <a href=""%s"">statisticile zilei anterioare</a>, click <a href=""%s"">aici</a>."
"Latest Message:","Cel mai nou mesaj:"
"Layered Navigation Indices","Indici navigare stratificată"
"Layered Navigation Indices were refreshed.","Indicii navigării stratificate au fost reîncărcate."
"Leave empty to use tax identifier","Lasă gol pentru a folosi identificator de taxă"
"Lifetime Sales","Toate vânzările"
"Lifetime statistics have been updated.","Statisticile complete au fost actualizate."
"Links","Legături"
"Links with associated products will retain only after saving current product.","Legăturile cu produse asociate vor fi salvate numai salvând actualul produs."
"List (default) / Grid","Listă (impicit) / Grid"
"List Only","Numai Listă"
"Load Template","Încarcă șablon"
"Load default template","Încarcă șablon implicit"
"Loading...","Încărcare..."
"Local Server","Server Local"
"Local/Remote Server","Server Local/La distanță"
"Locale","Localizare"
"Log In","Log In"
"Log Out","Delogare"
"Log in to Admin Panel","Autentificare Zona de administrare"
"Log in to use <strong>%s</strong>","Conectați-vă pentru a folosii <strong>%s</strong>"
"Log into Magento Admin Page","Autentificare Zona de administrare"
"Logged in as %s","Conectat ca %s"
"Login","Autentificare"
"Low Stock","Stoc scăzut"
"MAJOR","MAJOR"
"MINOR","MINOR"
"MS Excel XML","MS Excel XML"
"Magento Admin","Administrare magazin"
"Magento Commerce - Administrative Panel","Panoul de administrare a Magazinului Online %s"
"Magento Connect","Magento Connect"
"Magento Connect Manager","Magento Connect Manager"
"Magento Logo","Magento Logo"
"Magento is a trademark of Magento Inc. Copyright &copy; %s Magento Inc.","Magento is a trademark of Magento Inc. Copyright &copy; %s Magento Inc."
"Magento root directory","Magento root directory"
"Magento ver. %s","Magento ver. %s"
"Magento&trade; is a trademark of Magento Inc.<br/>Copyright &copy; %s Magento Inc.","Magento&trade; is a trademark of Magento Inc.<br/>Copyright &copy; %s Magento Inc."
"Make sure that data encoding in the file is consistent and saved in one of supported encodings (UTF-8 or ANSI).","Make sure that data encoding in the file is consistent and saved in one of supported encodings (UTF-8 or ANSI)."
"Manage Attribute Sets","Administrează seturile de atribute"
"Manage Attributes","Administrează atributele"
"Manage Categories","Administrează categoriile"
"Manage Content","Administrează conținutul"
"Manage Currency Rates","Administrează cursuri monedă"
"Manage Customers","Administrează clienți"
"Manage Ratings","Administrează recenzii"
"Manage Stores","Administrează magazine"
"Manage Tax Rules","Administrează reguli taxe"
"Manage Tax Zones and Rates","Administrează zone taxe și cursuri"
"Manual","Manual"
"Matched Expression","Expresie identică"
"Mb","Mb"
"Media (.avi, .flv, .swf)","Media (.avi, .flv, .swf)"
"Media storages synchronization has completed!","Sincronizarea stocării media a fost finalizată!"
"Messages Inbox","Căsuță intrare mesaje"
"Month","Lună"
"Most Viewed","Cele mai vizualizate"
"Most Viewed Products","Cele mai vizualizate Produse"
"Multiple Select","Selecție multiplă"
"My Account","Contul meu"
"My Applications","Aplicațiile mele"
"N/A","N/A"
"NOTICE","NOTIFICARE"
"Name","Nume"
"Name:","Nume:"
"Never (production)","Niciodată (producție)"
"New ","Nou "
"New API Key","Cheie API nou"
"New Accounts","Conturi noi"
"New Attribute","Atribut nou"
"New Block","Bloc nou"
"New Category","Categorie nouă"
"New Class","Clasă nouă"
"New Condition","Condiție nouă"
"New Custom Variable","Variabilă personalizată nouă"
"New Customer","Client nou"
"New Customers","Clienți noi"
"New Design Change","Schimbare de design nouă"
"New Email Template","Șablon email nou"
"New Group","Grup nou"
"New Invoice","Factură nouă"
"New Item Type","Tip obiect nou"
"New Memo","Memo nou"
"New Memo for #%s","Memo nou pentru #%s"
"New Page","Pagină nouă"
"New Password","Parolă nouă"
"New Poll","Sondaj nou"
"New Profile","Profil nou"
"New Rate","Curs nou"
"New Rating","Rating nou"
"New Review","Recenzie nouă"
"New Role","Rol nou"
"New Rule","Regulă nouă"
"New Search","Căutare nouă"
"New Set","Set Nou"
"New Shipment","Livrare nouă"
"New Sitemap","Hartă site nouă"
"New Store View","Vedere magazin nouă"
"New System Template","Șablon sistem nou"
"New Tag","Etichetă nouă"
"New Template","Șablon nou"
"New User","Utilizator nou"
"New Variable","Variabilă nouă"
"New Website","Website nou"
"New password field cannot be empty.","Câmpul parolă nouă nu poate fi gol."
"Newsletter","Newsletter"
"Newsletter Problems","Probleme Newsletter"
"Newsletter Queue","Coadă (Queue) Newsletter"
"Newsletter Subscribers","Abonați Newsletter"
"Newsletter Templates","Șabloane Newsletter"
"Next month (hold for menu)","Luna viitoare (ține apăsat pentru meniu)"
"Next year (hold for menu)","Anul viitor (ține apăsat pentru meniu)"
"No","Nu"
"No (price without tax)","Nu (preț fără taxă)"
"No Data Found","Date inexistente"
"No Templates Found","Niciun șablon găsit"
"No change","Nicio schimbare"
"No customer id defined.","ID client nedefinit."
"No information available.","Nu există informații disponibile."
"No profile loaded...","Niciun profil încărcat..."
"No records found for this period.","Nicio înregistrare găsită pentru această perioadă."
"No records found.","Nicio înregistrare găsită."
"No report code specified.","Cod raport nespecificat."
"No search keywords.","Cuvinte căutare nespecificate."
"No search modules were registered","Module căutare neînregistrate"
"No wishlist item id defined.","ID obiect wishlist nedefinit."
"None","Nmic"
"Note:","Notă:"
"Notes","Note"
"Notifications","Notificări"
"Number of Orders","Număr comenzi"
"Number of Uses","Număr folosiri"
"Number of Views","Număr vederi"
"Number of records:","Număr înregistrări:"
"OAuth Consumers","OAuth Consumers"
"OAuth authorization for admin","OAuth authorization for admin"
"OAuth authorization simple for admin","OAuth authorization simple for admin"
"OK","OK"
"Old rate:","Curs vechi:"
"Once you log into your PayPal Advanced account, navigate to the Service Settings - Hosted Checkout Pages - Set Up menu and set the options described below","Once you log into your PayPal Advanced account, navigate to the Service Settings - Hosted Checkout Pages - Set Up menu and set the options described below"
"Once you log into your PayPal Payflow Link account, navigate to the Service Settings - Hosted Checkout Pages - Set Up menu and set the options described below","Once you log into your PayPal Payflow Link account, navigate to the Service Settings - Hosted Checkout Pages - Set Up menu and set the options described below"
"One or more media files failed to be synchronized during the media storages syncronization process. Refer to the log file for details.","Una sau mai multe fișiere media nu s-au sincronizat. Citește jurnalul de erori."
"One or more of the Cache Types are invalidated:","Una sau mai multe tipuri de cache necesită reîncărcare:"
"Online Customers","Clienți Online"
"Only Once (version upgrade)","O singură dată (upgrade versiune)"
"Only attributes with scope ""Global"", input type ""Dropdown"" and Use To Create Configurable Product ""Yes"" are available.","Only attributes with scope ""Global"", input type ""Dropdown"" and Use To Create Configurable Product ""Yes"" are available."
"Only mapped fields","Numai câmpuri mapate"
"Optional","Opțional"
"Options","Opțiuni"
"Order","Comandă"
"Order #%s","Comandă #%s"
"Order #%s (%s)","Comandă #%s (%s)"
"Order Created Date","Data creării comenzii"
"Order ID","ID Comandă"
"Order Totals","Totaluri Comandă"
"Order Updated Date","Dată actualizare comandă"
"Order Updated Date report is real-time, does not need statistics refreshing.","Data actualizării comenzii este real-time, nu necesită reîmprospătarea statisticilor."
"Orders","Comenzi"
"Original Magento attribute names in first row:","Original Magento attribute names in first row:"
"Out of stock","Stoc epuizat"
"PDT (Payment Data Transfer) Only","Numai TDP(Transfer Date Plata)"
"Package Extensions","Creare extensii"
"Pages","Pagini"
"Parent Product Thumbnail","Miniatură produs părinte"
"Parent Transaction ID","ID Tranzacție Părinte"
"Passive mode","Mod pasic"
"Password","Parolă"
"Password Confirmation","Confirmare Parolă"
"Password confirmation must be same as password.","Confirmare parolă trebuie să fie identic cu parolă."
"Password must be at least of %d characters.","Parola trebuie să conțină %d caractere."
"Password must include both numeric and alphabetic characters.","Parola trebuie să conțină atât caractere numerice cât și literale."
"Password:","Parolă:"
"Path:","Cale:"
"Payment method instance is not available.","Instanță metodă plată nu este disponibilă."
"Payment method is not available.","Metoda de plată nu este disponibilă."
"Payment method must be specified.","Metoda de plată trebuie specificată."
"Pending Reviews","Recenzii în așteptare"
"Pending Tags","Etichete în așteptare"
"Per Item","Per obiect"
"Per Order","Per comandă"
"Percent","Procent"
"Performed At","Realizat la"
"Period","Perioadă"
"Permanent (301)","Permanent (301)"
"Permissions","Permisiuni"
"Personal Information","Informații personale"
"Phone:","Telefon: "
"Please Select","Alege"
"Please confirm site switching. All data that hasn\'t been saved will be lost.","Please confirm site switching. All data that hasn\'t been saved will be lost."
"Please enter 6 or more characters.","Introdu 6 sau mai multe caractere."
"Please enter a number greater than 0 in this field.","Introdu un număr mai mare de 0 în acest câmp."
"Please enter a valid $ amount. For example $100.00.","Introdu o sumă validă."
"Please enter a valid URL. For example http://www.example.com or www.example.com","Introdu un URL valid"
"Please enter a valid URL. http:// is required","Introdu un URL valid. http:// este necesar"
"Please enter a valid credit card number.","Introdu un număr de card de credit valid."
"Please enter a valid date.","Introdu o dată validă."
"Please enter a valid email address. For example johndoe@domain.com.","Va rugăm să introduceți o adresă de email validă. De exemplu nume@domeniu.ro."
"Please enter a valid email.","Vă rugăm introduceți un email valid."
"Please enter a valid number in this field.","Introdu un număr valid în acest câmp."
"Please enter a valid phone number. For example (123) 456-7890 or 123-456-7890.","Vă rugăm să introduceți un număr de telefon valid. De exemplu (021) 456-7890 sau 021-456-7890."
"Please enter a valid social security number. For example 123-45-6789.","Please enter a valid social security number. For example 123-45-6789."
"Please enter a valid value from list","Introdu o valoare validă din listă"
"Please enter a valid value, ex: 10,20,30","Vă rugăm să introduceți o valoare validă, ex: 10,20,30"
"Please enter a valid zip code.","Vă rugăm să introduceți un cod poștal valid."
"Please enter a valid zip code. For example 90602 or 90602-1234.","Vă rugăm să introduceți un cod poștal valid."
"Please enter another credit card number to complete your purchase.","Introdu un alt număr de card de credit pentru a finaliza cumpărarea"
"Please enter password","Introdu parola"
"Please enter password to confirm rollback.","Please enter password to confirm rollback."
"Please enter valid password.","Introdu o parolă validă."
"Please make sure that all global admin search modules are installed and activated.","Asigură-te că toate modulele de căutare globale sunt instalate și activate."
"Please make sure that your changes were saved before running the profile.","Asigură-te că modificările au fost salvate înainte de a rula acest profil."
"Please make sure your passwords match.","Asigură-te că parolele se potrivesc."
"Please select State/Province.","Alege un județ."
"Please select a customer.","Alege un client."
"Please select a store.","Alege un magazin."
"Please select an option.","Alege o opțiune."
"Please select catalog searches.","Alege căutările catalogului."
"Please select customer(s).","Alege clientul(clienții)."
"Please select message(s).","Alege mesajul(ele)."
"Please select one of the above options.","Alege una din opțiunile de mai sus."
"Please select one of the options.","Alege una din opțiuni."
"Please select review(s).","Alege recenzia(iile)."
"Please select tag(s).","Alege eticheta(ele)."
"Please specify backup creation options","Specifică opțiunile de creare ale copiei de siguranță"
"Please specify the admin custom URL.","Specifiă URL personalizat pentru administrare."
"Please try to logout and sign in again.","Încearcă să te logezi din nou."
"Please type the letters from the image:","Introdu literele din imagine:"
"Please use in this field only ""a-z,0-9,_"".","Folosește în acest câmp numai ""a-z,0-9,_""."
"Please use letters only (a-z) in this field.","Folosește numai litere de la a-z în câmp."
"Please use numbers only in this field. Please avoid spaces or other characters such as dots or commas.","Folosește NUMAI numere în acest câmp"
"Please use only letters (a-z or A-Z), numbers (0-9) or spaces in this field.","Folosește numai caractere(a-z or A-Z), numere (0-9) sau spații în câmp."
"Please use only letters (a-z) or numbers (0-9) only in this field. No spaces or other characters are allowed.","Folosește numai litere (a-z) sau numere (0-9). Fără spații sau alte caractere."
"Please use only letters (a-z) or numbers (0-9) or spaces and # only in this field.","Folosește numai litere (a-z) sau numere (0-9) sau spații și #."
"Please use this date format: dd/mm/yyyy. For example 17/03/2006 for the 17th of March, 2006.","Folosește următorul format de dată: zz/ll/aaaa."
"Please wait while the indexes are being refreshed.","Așteaptă până se reîncarcă indexii."
"Please wait, loading...","Te rog, așteaptă..."
"Please wait...","Așteaptă..."
"Please, add some answers to this poll first.","Te rog, adaugă răspunsuri la acest sondaj, mai întâi."
"Please, select ""Visible in Stores"" for this poll first.","Alege ""Vizibil în magazine"" pentru acest sondaj."
"Poll Manager","Administrare sondaj"
"Polls","Sondaje"
"Popular","Popular"
"Position of Watermark for %s","Poziția watermarkului pentru %s"
"Pregenerated product images files.","Fișiere ."
"Prev. month (hold for menu)","Luna anterioară (ține apăsat pentru meniu)"
"Prev. year (hold for menu)","Anul anterior (ține apăsat pentru meniu)"
"Preview","Previzualizare"
"Preview Template","Previzualizare șablon"
"Price","Preț"
"Price alert subscription was saved.","Abonarea la alerta de preț a fost salvată."
"Price:","Preț:"
"Processed <strong>%s%% %s/%d</strong> records","Înregistrări <strong>%s%% %s/%d</strong> procesate"
"Product","Produs"
"Product Name","Nume produs"
"Product Reviews","Recenzii produs"
"Product Tax Classes","Clase taxe produs"
"Product Thumbnail Itself","Miniatura produsului însuși"
"Product is not loaded.","Produsul nu este încărcat."
"Product:","Produs:"
"Products","Produse"
"Products Bestsellers Report","Raport cele mai bine vândute produse"
"Products Most Viewed Report","Raport cele mai vizualizate produse"
"Products Ordered","Produse comandate"
"Products in Carts","Produse în coșuri"
"Profile Action","Acțiuni profil"
"Profile Actions XML","Acțiuni profil XML"
"Profile Direction","Direcție profil"
"Profile History","Istorie profil"
"Profile Information","Informație profil"
"Profile Name","Nume profil"
"Profile Payments","Plăți profil"
"Profile Schedule","Program profil"
"Profile Wizard","Wizard profil"
"Profiles","Profile"
"Promo","Promo"
"Promotions","Promoții"
"Purchased Item","Obiect cumpărat"
"Put store on the maintenance mode while backup creation","Put store on the maintenance mode while backup creation"
"Put store on the maintenance mode while rollback processing","Put store on the maintenance mode while rollback processing"
"Quantity","Cantitate"
"Queue Refresh","Reîncărcare coadă (queue)"
"Queued... Cancel","Pus în coadă... Anulare"
"REST Roles","Roluri REST"
"Radio Buttons","Radio Buttons"
"Rates","Cursuri"
"Read details","Citește detalii"
"Rebuild","Reconstruiește"
"Rebuild Catalog Index","Reconstruiește Index Ctatalog"
"Rebuild Flat Catalog Category","Reconstruiește Flat Catalog Categorie"
"Rebuild Flat Catalog Product","Reconstruiește Flat Catalog Produs"
"Recent Orders","Comenzi recente"
"Recent statistics have been updated.","Statisticile recente au fost actualizate."
"Recurring Profile View","Vizualizări profil recurente"
"Recursive Dir","Dir recursiv"
"Redirect","Redirectare"
"Reference","Referință"
"Reference ID","ID Referință"
"Refresh","Reîmprospătare"
"Refresh Now*","Reîmprospătează acum*"
"Refresh Statistics","Reîmprospătează statistici"
"Region/State","Județ"
"Regular Price:","Preț:"
"Reject","Respins"
"Reject token authorization Pop Up for admin","Reject token authorization Pop Up for admin"
"Reject token authorization for admin","Reject token authorization for admin"
"Rejection Of Authorization","Rejection Of Authorization"
"Release","Lansare"
"Release Stability","Stabilitate lansare"
"Release Version","Versiune lansare"
"Reload captcha","Reîncarcă captcha"
"Remote FTP","FTP la distanță"
"Remove","Înlătură"
"Reports","Rapoarte"
"Request Path","Cale cerere"
"Required","Necesar"
"Reset","Reset"
"Reset Filter","Resetare filtru"
"Reset Password","Resetare parolă"
"Reset a Password","Resetare o parolă"
"Resize","Redimensionare"
"Resource Access","Acces resurse"
"Resources","Resurse"
"Results","Rezultate"
"Retrieve Password","Preluare parolă"
"Return Html Version","Returnează versiune HTML"
"Revenue","Profit"
"Reviews","Recenzii"
"Reviews and Ratings","Recenzii și ratinguri"
"Rewrite Rules","Reguli rescriere"
"Role ID","ID Rol"
"Role Info","Info rol"
"Role Information","Informație rol"
"Role Name","Nume rol"
"Role Resources","Resurse rol"
"Role Users","Utilizatori rol"
"Roles","Roluri"
"Roles Resources","Resurse rol"
"Rotate CCW","Rotire în sens opus acelor de ceasornic"
"Rotate CW","Rotire în sens ace de ceasornic"
"Run","Rulează"
"Run Profile","Rulează profil"
"Run Profile Inside This Window","Rulează profil în această fereastră"
"Run Profile in Popup","Rulează profil în popup"
"Running... Kill","Rulează... Oprește"
"SKU","SKU"
"SKU:","SKU:"
"SSL Error: Invalid or self-signed certificate","Eroare SSL: Certificat invalid sau auto-semnat"
"Sales","Vânzări"
"Sales Report","Rapoarte vânzări"
"Samples","Mostre"
"Save","Salvează"
"Save & Generate","Salvează & Generează"
"Save Account","Salvează cont"
"Save Cache Settings","Salvează setări cache"
"Save Config","Salvează configurație"
"Save Currency Rates","Salvează cursuri monedă"
"Save Profile","Salvează profil"
"Save Role","Salvează rol"
"Save Template","Salvează șablon"
"Save User","Salvează utilizator"
"Save and Continue Edit","Salvează și continuă editarea"
"Search","Caută"
"Search Index","Index căutare"
"Search Term","Termen căutare"
"Search Terms","Termeni căutare"
"Select","Selectează"
"Select All","Selectează tot"
"Select Category","Selectează categorie"
"Select Date","Selectează dată"
"Select Range","Selectează interval"
"Select date","Selectează dată"
"Selected allowed currency ""%s"" is not available in installed currencies.","Selected allowed currency ""%s"" is not available in installed currencies."
"Selected base currency is not available in installed currencies.","Selected base currency is not available in installed currencies."
"Selected default display currency is not available in allowed currencies.","Selected default display currency is not available in allowed currencies."
"Selected default display currency is not available in installed currencies.","Selected default display currency is not available in installed currencies."
"Self-assigned roles cannot be deleted.","Self-assigned roles cannot be deleted."
"Sender","Expeditor"
"Separate Email","Email separat"
"Shipment #%s comment added","Comentariu #%s livrare adăugat"
"Shipment #%s created","Livrare #%s creată"
"Shipment Comments","Comentarii livrare"
"Shipment History","Istorie livrări"
"Shipments","Livrări"
"Shipping","Livrare"
"Shipping Address","Adresă livrare"
"Shipping Address: ","Adresă livrare: "
"Shipping Origin","Origine livrare"
"Shipping Price","Preț livrare"
"Shipping address selection is not applicable","Selectarea adresei de livrare nu este aplicabilă"
"Shipping method must be specified.","Metoda de livrare trebuie specificată."
"Shipping method selection is not applicable","Selectarea metodei de livrare nu este aplicabilă"
"Shopping Cart","Coș de cumpărături"
"Shopping Cart Price Rules","Reguli preț coș cumpărături"
"Shopping Cart from %s","Coș de cumpărături de la %s"
"Show By","Arată după"
"Show Report For:","Arată raport după:"
"Show Reviews","Afișează recenzii"
"Sitemap Information","Informații hartă site"
"Size for %s","Mărime pentru %s"
"Skip Category Selection","Sari peste selecția categoriei"
"Some items in this order have different invoice and shipment types. You can create shipment only after the invoice is created.","Some items in this order have different invoice and shipment types. You can create shipment only after the invoice is created."
"Some of the ordered items do not exist in the catalog anymore and will be removed if you try to edit the order.","Some of the ordered items do not exist in the catalog anymore and will be removed if you try to edit the order."
"Sorry, this feature is coming soon...","Sorry, this feature is coming soon..."
"Special Price:","Preț Special:"
"Specific Countries","Țări specifice"
"Specified","Specificat"
"Specified profile does not exist.","Profilul specificat nu există."
"Spreadsheet Name:","Nume foaie calcul:"
"Start Date","Dată start"
"Starting profile execution, please wait...","Pornire execuție profil, așteaptă . . . "
"State/Province:","Județ:"
"Static Blocks","Blocuri statice"
"Status","Stare"
"Status:","Stare:"
"Stock Quantity:","Cantitate stoc:"
"Stock notification was saved.","Notificare stoc salvată."
"Store","Magazin"
"Store Email Addresses Section","Secțiune Adrese Email Magazin"
"Store View","Vedere magazin"
"Store:","Magazin:"
"Stores","Magazine"
"Subject","Subiect"
"Submit","Trimite"
"Subpackage cannot be conflicting.","Subpackage cannot be conflicting."
"Subtotal","Subtotal"
"Switch/Solo/Maestro Only","Numai Switch/Solo/Maestro"
"Symbol","Simbol"
"Synchronization is required.","Sincronizare necesară."
"Synchronization of media storages has been successfully completed.","Sincronizarea stocărilor media a fost finalizată cu succes."
"Synchronize","Sinronizează"
"Synchronizing %s to %s","Sincronizarea %s la %s"
"Synchronizing...","Sincronizare..."
"System","Sistem"
"System Section","Secțiunea sistem"
"System busy","Sistem ocupat"
"Tags","Etichete"
"Target Path","Cale țintă"
"Tax","Taxă"
"Tb","Tb"
"Template","Șablon"
"Template Content","Conținut șablon"
"Template Information","Informație șablon"
"Template Name","Nume șablon"
"Template Styles","Stil șablon"
"Template Subject","Subiect șablon"
"Template Type","Tip șablon"
"Temporary (302)","Temporar (302)"
"Terms and Conditions","Termeni și condiții"
"Text","Text"
"The Catalog Rewrites were refreshed.","Rescrierile catalogului au fost reîncărcate."
"The CatalogInventory Stock Status has been rebuilt.","CatalogInventory Stock Stare a fost reconstruită."
"The Comment Text field cannot be empty.","Câmpul Comentariu nu poate fi lăsat gol."
"The Flat Catalog Product was rebuilt","Flat Catalog Product a fost reconstruit"
"The JavaScript/CSS cache has been cleaned.","Cache-ul JavaScript/CSS a fost curățat."
"The JavaScript/CSS cache has been cleared.","Cache-ul JavaScript/CSS a fost curățat."
"The Layered Navigation indexing has been queued.","Indexarea Navigării Stratificate a fost pusă în coadă."
"The Layered Navigation indexing queue has been canceled.","Coada Navigării Stratificate a fost anulată."
"The Layered Navigation indices were refreshed.","Indicii Navigării Stratificate au fost reîncărcați."
"The Layered Navigation process has been queued to be killed.","The Layered Navigation process has been queued to be killed."
"The Magento cache storage has been flushed.","The Magento cache storage has been flushed."
"The URL Rewrite has been deleted.","Rescrierea URL a fost ștearsă."
"The URL Rewrite has been saved.","Rescrierea URL a fost salvată."
"The account has been saved.","Contul a fost salvat."
"The archive can be uncompressed with <a href=""%s"">%s</a> on Windows systems","Arhiva poate fi dezarhivată cu <a href=""%s"">%s</a> pe sisteme Windows"
"The attribute set has been removed.","Setul de atribute a fost șters."
"The backup's creation process will take time.","Procesul de creare a unei copii de siguranță va dura."
"The billing agreement has been canceled.","Acordul de facturare a fost anulat."
"The billing agreement has been deleted.","Acordul de facturare a fost șters."
"The cache storage has been flushed.","Stocarea cache a fost curățată."
"The carrier needs to be specified.","The carrier needs to be specified."
"The catalog index has been rebuilt.","Indexul catalogului a fost reconstruit."
"The catalog rewrites have been refreshed.","Rescrierile catalogului au fost reîmprospătate."
"The configuration has been saved.","Configurația a fost salvată."
"The credit memo has been canceled.","Memo-ul de credit a fost anulat."
"The credit memo has been created.","Credit memo-ul a fost creat."
"The credit memo has been voided.","The credit memo has been voided."
"The custom variable has been deleted.","Variabila personalizată a fost ștearsă."
"The custom variable has been saved.","Variabila personalizată a fost salvată."
"The customer has been deleted.","Clientul a fost șters."
"The customer has been saved.","Clientul a fost salvat."
"The design change has been deleted.","Schimbarea de design a fost ștearsă."
"The design change has been saved.","Schimbarea de design a fost salvată."
"The email address is empty.","Câmpul email este gol."
"The email template has been deleted.","Șablonul de email a fost șters."
"The email template has been saved.","Șablonul de email a fost șters."
"The flat catalog category has been rebuilt.","Flat Catalog Category a fost reconstruit."
"The group node name must be specified with field node name.","The group node name must be specified with field node name."
"The image cache was cleaned.","Cache-ul de imagini a fost curățat."
"The image cache was cleared.","Cache-ul de imagini a fost curățat."
"The invoice and shipment have been created.","Factura și livrarea au fost create."
"The invoice and the shipment  have been created. The shipping label cannot be created at the moment.","Factura și livrarea au fost create. Eticheta de livrare nu poate fi creată la acest timp."
"The invoice has been canceled.","Factura a fost anulată."
"The invoice has been captured.","Factura a fost capturată."
"The invoice has been created.","Factura a fost creată."
"The invoice has been voided.","The invoice has been voided."
"The invoice no longer exists.","Factura nu mai există."
"The item %s (SKU %s) does not exist in the catalog anymore.","Obiectul %s (SKU %s) nu mai există în catalog."
"The order does not allow creating an invoice.","Comanda nu permite crearea unei facturi."
"The order no longer exists.","Comanda nu mai există."
"The poll has been deleted.","Sondajul a fost șters."
"The poll has been saved.","Sondajul a fost salvat."
"The profile has been deleted.","Profilul a fost șters."
"The profile has been saved.","Profilul a fost salvat."
"The profile has been updated.","Profilul a fost actualizat."
"The profile has no changes.","Profilul nu are modificări."
"The profile you are trying to save no longer exists","Profilul pe care încerci să-l salvezi nu mai există"
"The rating has been deleted.","Ratingul a fost șters."
"The rating has been saved.","Ratingul a fost salvat."
"The role has been deleted.","Rolul a fost șters."
"The role has been saved.","Rolul a fost salvat."
"The role has been successfully saved.","Rolul a fost salvat cu succes."
"The search index has been rebuilt.","Indexul de căutare a fost reconstruit."
"The shipment has been created.","Livrarea a fost creată."
"The shipment has been sent.","Livrarea a fost realizată."
"The shipping label has been created.","Eticheta de livrare a fost creată."
"The tag has been deleted.","Eticheta a fost ștearsă."
"The tag has been saved.","Eticheta a fost salvată."
"The transaction details have been updated.","Detaliile tranzacției au fost actualizate."
"The user has been deleted.","Utilizatorul a fost șters."
"The user has been saved.","Utilizatorul a fost salvat."
"Themes JavaScript and CSS files combined to one file.","Fișierele JavaScript și CSS combinate într-un fișier."
"There is an error in one of the option rows.","Există o eroare în una din liniile opțiunii."
"This Account is","Acest cont este"
"This Email template no longer exists.","Acest șablon de mail nu mai există."
"This Role no longer exists","Acest rol nu mai există"
"This Role no longer exists.","Acest rol nu mai există."
"This account is","Acest cont este"
"This account is inactive.","Acest cont este inactiv."
"This action cannot be undone.","Această acțiune nu poate fi anulată."
"This attribute set does not have attributes which we can use for configurable product","Acest set de atribute nu are atribute pe care le putem folosi pentru produse configurabile"
"This attribute shares the same value in all the stores","This attribute shares the same value in all the stores"
"This is a demo store. Any orders placed through this store will not be honored or fulfilled.","This is a demo store. Any orders placed through this store will not be honored or fulfilled."
"This is a required field.","Acest câmp este obligatoriu."
"This product is currently disabled.","Acest produs este dezactivat."
"This report depends on timezone configuration. Once timezone is changed, the lifetime statistics need to be refreshed.","This report depends on timezone configuration. Once timezone is changed, the lifetime statistics need to be refreshed."
"This section is not allowed.","Această secțiune nu este permisă."
"This user no longer exists.","Acest utilizator nu mai există."
"Time","Timp"
"Time selection:","Selecție timp:"
"Time:","Timp:"
"Timeout limit for response from synchronize process was reached.","Timeout limit for response from synchronize process was reached."
"To","La"
"To cancel pending authorizations and release amounts that have already been processed during this payment, click Cancel.","To cancel pending authorizations and release amounts that have already been processed during this payment, click Cancel."
"To use PayPal Payflow Link, you must configure your PayPal Payflow Link account on the PayPal website.","To use PayPal Payflow Link, you must configure your PayPal Payflow Link account on the PayPal website."
"To use PayPal Payments Advanced, you must configure  your PayPal Payments Advanced account on the PayPal website.","To use PayPal Payments Advanced, you must configure  your PayPal Payments Advanced account on the PayPal website."
"Toggle Editor","Activeaza/Dezactivează Editor"
"Tools","Unelte"
"Top 5 Search Terms","Top 5 termeni de căutare"
"Total","Total"
"Total Invoiced","Total Facturat"
"Total Order Amount","Total Cantitate comandă"
"Total Refunded","Total returnat"
"Total of %d record(s) have been deleted.","Un total de %d înregistrări au fost șterse."
"Total of %d record(s) have been updated.","Un total de %d înregistrări au fost actualizate."
"Total of %d record(s) were canceled.","Un total de %d înregistrări au fost anulate."
"Total of %d record(s) were deleted","Un total de %d înregistrări au fost șterse"
"Total of %d record(s) were deleted.","Un total de %d înregistrări au fost șterse."
"Total of %d record(s) were updated","Un total of %d înregistrări au fost actualizate"
"Total of %d record(s) were updated.","Un total of %d înregistrări actualizate."
"Track Order","Urmărește comanda"
"Track this shipment","Urmărește livrarea"
"Tracking number %s for %s assigned","Număr urmărire %s pentru %s atribuite"
"Tracking number cannot be empty.","Numărul de urmărire nu poate fi gol."
"Transaction Data","Date Tranzacție"
"Transaction Details","Detalii tranzacție"
"Transaction ID","ID Tranzacție"
"Transaction Type","Tip tranzacție"
"Transactional Emails","Emailuri tranzacționale"
"Transactions","Tranzacții"
"Try Magento Go for Free","Try Magento Go for Free"
"Type","Tip"
"Type:","Tip:"
"URL Rewrite","Rescriere URL"
"URL Rewrite Information","Informație Rescriere URL"
"URL Rewrite Management","Administrare Rescriere URL"
"Unable to cancel the credit memo.","Imposibil de anulat credit memo."
"Unable to find a Email Template to delete.","Imposibil de găsit un șablon email de șters."
"Unable to find a Email Template to delete.","Imposibil de găsit un șablon email de șters."
"Unable to find a poll to delete.","Imposibil de găsit un sondaj de șters."
"Unable to find a tag to delete.","Imposibil de găsit o etichetă de șters."
"Unable to find a user to delete.","Imposibil de găsit un utilizator de șters."
"Unable to initialize import model","Imposibil de inițializat model import"
"Unable to refresh lifetime statistics.","Imposibil de reîncărcat statisticile lifetime."
"Unable to refresh recent statistics.","Imposibil de reîncărcat statistici recente."
"Unable to save the cron expression.","Imposibil de salvat expresia cron."
"Unable to save the invoice.","Imposibil de salvat factura."
"Unable to send the invoice email.","Imposibil de trimis email factură."
"Unable to send the shipment email.","Imposibil de trimis mail livrare."
"Unable to update transaction details.","Imposibil de actualizat detalii tranzacție."
"Unable to void the credit memo.","Unable to void the credit memo."
"Unknown","Necunoscut"
"Unlimited","Nelimitat"
"Update","Actualizează"
"Updated At","Actualizat la"
"Upload File","Încarcă fișier"
"Upload Files","Încarcă fișiere"
"Upload HTTP Error","Eroare HTTP încărcare"
"Upload I/O Error","Eroare I/O încărcare"
"Upload Security Error","Încarcă eroare securitate"
"Upload import file","Încarcă fișier import"
"Uploaded file is larger than %.2f kilobytes allowed by server","Fișierul încărcat este mai mare de %.2f kilobytes permiși de server"
"Use All Available Attributes","Folosește toate atributele disponibile"
"Use Config Settings","Folosește Setări Configurare"
"Use Default","Foloseste implicit"
"Use Default Value","Folosește valoare implicită"
"Use Default Variable Values","Folosește Valori Variabilă implicită"
"Use FTP Connection","Folosește conexiune FTP"
"Use Website","Folosește Website"
"Used Currently For","Actual folosit pentru"
"Used as Default For","Folosit ca implicit pentru"
"User Email","Email utilizator"
"User ID","ID User"
"User Info","Informații utilizator"
"User Information","Informații utilizator"
"User Name","Utilizator"
"User Name is required field.","Câmpul Utilizator este necesar."
"User Name:","Utilizator:"
"User Password","Parolă Utilizator"
"User Role","Rol utilizator"
"User Roles","Roluri utilizator"
"User Roles Information","Informații rol utilizator"
"User Type Resources","Resurse tip utilizator"
"User name","Utilizator"
"Users","Utilizatori"
"VAT Number is Invalid","Numărul VAT este invalid"
"VAT Number is Valid","Numărul VAT este vaild"
"Validation Results","Rezultatele validării"
"Value","Valoare"
"Value Delimiter:","Delimitator valoare:"
"Variable","Variabilă"
"Variable Code","Cod variabilă"
"Variable HTML Value","Valoare HTML Variabilă"
"Variable ID","ID Variabilă"
"Variable Name","Nume variabilă"
"Variable Plain Value","Valoare plană variabilă"
"Verifier code: %s","Cod verificator: %s"
"View Actions XML","Vezi Acțiuni XML"
"View Full Size","Vizualizare dimensiune întreagă"
"View Memo","Vizualizare memo"
"View Memo for #%s","Vizualizare memo pentru #%s"
"View Shipment","Vizualizare livrare"
"View Statistics For:","Vizualizare statistici pentru:"
"Visibility:","Vizibilitate:"
"Warning","Atenționare"
"Warning! Empty value can cause problems with CSV format.","Atenționare! O valoare goală poate cauza probleme cu formatul CSV."
"Warning!\r\nThis action will remove this user from already assigned role\r\nAre you sure?","Atenționare!\r\nAceastă acțiune va înlătura utilizatorul din rol\r\nEști sigur?"
"Warning!\r\nThis action will remove those users from already assigned roles\r\nAre you sure?","Atenționare!\r\nAceastă acțiune va înlătura utilizatorii din roluri\r\nEști sigur?"
"Warning: Please do not close the window during importing/exporting data","Atenționare: NU închide fereastra în timpul operațiunii de import/export"
"Watermark File for %s","Fișier watermark pentru %s"
"We appreciate our merchants\' feedback, please <a href=""#"" onclick=""surveyAction(\'yes\'); return false;"">take our survey</a> to provide insight on the features you would like included in Magento. <a href=""#"" onclick=""surveyAction(\'no\'); return false;"">Remove this notification</a>","We appreciate our merchants\' feedback, please <a href=""#"" onclick=""surveyAction(\'yes\'); return false;"">take our survey</a> to provide insight on the features you would like included in Magento. <a href=""#"" onclick=""surveyAction(\'no\'); return false;"">Remove this notification</a>"
"We\'re in our typing table, coding away more features for Magento. Thank you for your patience.","We\'re in our typing table, coding away more features for Magento. Thank you for your patience."
"Web Section","Secțiune web"
"Web Services","Servicii Web"
"Web services","Servicii Web"
"Website","Website"
"What is this?","Ce este aceasta?"
"Wishlist Report","Raport wishlist"
"Wishlist item is not loaded.","Obiectul wishlist nu este încărcat."
"Wrong account specified.","Cont greșit specificat."
"Wrong billing agreement ID specified.","ID acord facturare greșit specificat."
"Wrong column format.","Format coloană greșit."
"Wrong newsletter template.","Șablon newsletter greșit."
"Wrong quote item.","Wrong quote item."
"Wrong tab configuration.","Configurație tab greșită."
"Wrong tag was specified.","Eticheta specificată greșit."
"Wrong transaction ID specified.","ID tranzacție greșit specificat."
"XML","XML"
"XML data is invalid.","Data XML este invalidă."
"XML object is not instance of ""Varien_Simplexml_Element"".","Obiectul XML nu este o instanță a ""Varien_Simplexml_Element""."
"YTD","YTD"
"Year","An"
"Yes","Da"
"Yes (301 Moved Permanently)","Da (301 Mutat permanent)"
"Yes (302 Found)","Da (302 Găsit)"
"Yes (only price with tax)","Da (preț numai cu taxă)"
"You cannot delete your own account.","Nu poți șterge propriul cont."
"You have %s unread message(s).","Ai %s mesaje necitite."
"You have %s unread message(s). <a href=""%s"">Go to messages inbox</a>.","Ai %s mesaje necitite. <a href=""%s"">Navighează la căsuță intrare mesaje</a>."
"You have %s, %s and %s unread messages. <a href=""%s"">Go to messages inbox</a>.","Ai %s, %s și %s mesaje necitite. <a href=""%s"">Navighează la căsuță intrare mesaje</a>."
"You have logged out.","Ai fost delogat."
"You have not enough permissions to use this functionality.","Nu ai destule permisiuni pentru a folosi această funcționalitate."
"You must have JavaScript enabled in your browser to utilize the functionality of this website.","Trebuie să ai JavaScript activat în browserul tău pentru a utiliza funcționalitatea acestui website."
"You need to specify order items.","Trebuie să specifici obiectele comenzii."
"You will need to wait when the action ends.","Va trebui să aștepți când comanda se termină."
"Your answers contain duplicates.","Răspunsurile tale conțin duplicate."
"Your password has been updated.","Parola ta a fost actualizată."
"Your password reset link has expired.","Legătura de resetare a expirat."
"Your server PHP settings allow you to upload files not more than %s at a time. Please modify post_max_size (currently is %s) and upload_max_filesize (currently is %s) values in php.ini if you want to upload larger files.","Nu poți încărca fișiere mai mari de %s fiecare. Modifică post_max_size (acum este %s) și upload_max_filesize (acum este %s) în php.ini."
"Your web server is configured incorrectly. As a result, configuration files with sensitive information are accessible from the outside. Please contact your hosting provider.","Serverul web este configurat incorect astfel că fișiere importante pot fi accesate din afară."
"Zip/Postal Code","Cod poștal"
"Zip/Postal Code:","Cod poștal:"
"[ deleted ]","[ șters ]"
"[GLOBAL]","[GLOBAL]"
"[STORE VIEW]","[VEDERE MAGAZIN]"
"[WEBSITE]","[WEBSITE]"
"b","b"
"close","închide"
"critical","critic"
"example: ""sitemap/"" or ""/"" for base path (path must be writeable)","exemplu: ""hartăsite/"" sau ""/"" pentru cale de bază (calea trebuie sa poată fi scrisă)"
"example: sitemap.xml","exemplu: hartăsite.xml"
"failed","nereușit"
"from","de la"
"major","major"
"minor","minor"
"notice","notificare"
"store(%s) scope","store(%s) scope"
"successful","succes"
"to","la"
"website(%s) scope","website(%s) scope"
"{{base_url}} is not recommended to use in a production environment to declare the Base Unsecure URL / Base Secure URL. It is highly recommended to change this value in your Magento <a href=""%s"">configuration</a>.","{{base_url}} is not recommended to use in a production environment to declare the Base Unsecure URL / Base Secure URL. It is highly recommended to change this value in your Magento <a href=""%s"">configuration</a>."
